1.500000000000000E+07;1.787477371099265E+00;7.860432807020948E+01;
1.502000000000000E+07;1.821738207446136E+00;7.878722247552182E+01;
1.504000000000000E+07;1.840176834340548E+00;7.889041952956495E+01;
1.506000000000000E+07;1.844042796799650E+00;7.904013872050099E+01;
1.508000000000000E+07;1.801845054626539E+00;7.918623343494201E+01;
1.510000000000000E+07;1.812447282668286E+00;7.939521124163454E+01;
1.512000000000000E+07;1.781555922641607E+00;7.956016880799240E+01;
1.514000000000000E+07;1.797801610768844E+00;7.975849661752005E+01;
1.516000000000000E+07;1.842403486424657E+00;7.990549866210165E+01;
1.518000000000000E+07;1.841807890382601E+00;8.006853278322043E+01;
1.520000000000000E+07;1.855480990955540E+00;8.017524672354084E+01;
1.522000000000000E+07;1.832866374680902E+00;8.031878843362290E+01;
1.524000000000000E+07;1.785672044871841E+00;8.051277440655043E+01;
1.526000000000000E+07;1.786823814221006E+00;8.070340425934840E+01;
1.528000000000000E+07;1.781659222561353E+00;8.088243491646337E+01;
1.530000000000000E+07;1.810597321544345E+00;8.104182932710250E+01;
1.532000000000000E+07;1.822045128135066E+00;8.118401183560378E+01;
1.534000000000000E+07;1.826326646758318E+00;8.130861615862310E+01;
1.536000000000000E+07;1.821736715486216E+00;8.150544655292556E+01;
1.538000000000000E+07;1.826046390356069E+00;8.166893984709544E+01;
1.540000000000000E+07;1.798927371294257E+00;8.182728440895522E+01;
1.542000000000000E+07;1.818445988464700E+00;8.199655681291462E+01;
1.544000000000000E+07;1.815068261020960E+00;8.214999088980991E+01;
1.546000000000000E+07;1.852132231297768E+00;8.234187628260078E+01;
1.548000000000000E+07;1.823875849146854E+00;8.248050284303743E+01;
1.550000000000000E+07;1.827073868954271E+00;8.261819484443902E+01;
1.552000000000000E+07;1.832031068214893E+00;8.283716475634512E+01;
1.554000000000000E+07;1.834885433809714E+00;8.296072456905637E+01;
1.556000000000000E+07;1.838583174829511E+00;8.314359971557222E+01;
1.558000000000000E+07;1.838248555829399E+00;8.331838991654242E+01;
1.560000000000000E+07;1.889912916044844E+00;8.352743117231063E+01;
1.562000000000000E+07;1.827479917789080E+00;8.361530152715243E+01;
1.564000000000000E+07;1.834793479026316E+00;8.377432473968869E+01;
1.566000000000000E+07;1.802850196838687E+00;8.396854484480346E+01;
1.568000000000000E+07;1.809930768356190E+00;8.409117564961505E+01;
1.570000000000000E+07;1.842198269519034E+00;8.429513726196649E+01;
1.572000000000000E+07;1.843542067801995E+00;8.444348982605021E+01;
1.574000000000000E+07;1.846442106392869E+00;8.460545309427418E+01;
1.576000000000000E+07;1.853233957993345E+00;8.478373501166895E+01;
1.578000000000000E+07;1.809670606019602E+00;8.493048389031468E+01;
1.580000000000000E+07;1.825199245108372E+00;8.512196758652293E+01;
1.582000000000000E+07;1.839464517311588E+00;8.532072388545454E+01;
1.584000000000000E+07;1.823497957603400E+00;8.547856726158835E+01;
1.586000000000000E+07;1.850302042963536E+00;8.562448238014207E+01;
1.588000000000000E+07;1.814955858202419E+00;8.578755312231267E+01;
1.590000000000000E+07;1.832167067903542E+00;8.598208120800658E+01;
1.592000000000000E+07;1.851243848880439E+00;8.612764188650210E+01;
1.594000000000000E+07;1.833526219264999E+00;8.630023844165144E+01;
1.596000000000000E+07;1.865329829044031E+00;8.644794295527397E+01;
1.598000000000000E+07;1.845989085453419E+00;8.665337296589054E+01;
1.600000000000000E+07;1.832718778041163E+00;8.676465038651347E+01;
1.602000000000000E+07;1.873929860421251E+00;8.696060183331440E+01;
1.604000000000000E+07;1.838819096842884E+00;8.712816680377925E+01;
1.606000000000000E+07;1.851952047936348E+00;8.729760862146252E+01;
1.608000000000000E+07;1.867663051338277E+00;8.750824252452979E+01;
1.610000000000000E+07;1.862306218388275E+00;8.761360457916575E+01;
1.612000000000000E+07;1.840266732981817E+00;8.783725667570629E+01;
1.614000000000000E+07;1.845467685141251E+00;8.804396611767393E+01;
1.616000000000000E+07;1.864053346875602E+00;8.824645562408602E+01;
1.618000000000000E+07;1.822660501561594E+00;8.839787856872388E+01;
1.620000000000000E+07;1.855912578347087E+00;8.862277335196707E+01;
1.622000000000000E+07;1.817574614731165E+00;8.874049908869878E+01;
1.624000000000000E+07;1.831417754067753E+00;8.893458624204474E+01;
1.626000000000000E+07;1.833758223688253E+00;8.912695139777874E+01;
1.628000000000000E+07;1.830520915961346E+00;8.922845208679826E+01;
1.630000000000000E+07;1.858773125592382E+00;8.940731093433308E+01;
1.632000000000000E+07;1.838295276802673E+00;8.952424154936097E+01;
1.634000000000000E+07;1.833570500327588E+00;8.972821937255200E+01;
1.636000000000000E+07;1.855428694424827E+00;8.988523044468295E+01;
1.638000000000000E+07;1.862418802574265E+00;9.006442737224825E+01;
1.640000000000000E+07;1.868640695948862E+00;9.020918339271104E+01;
1.642000000000000E+07;1.868257464345835E+00;9.043361423549881E+01;
1.644000000000000E+07;1.847168335919290E+00;9.060952951463283E+01;
1.646000000000000E+07;1.853885377769679E+00;9.082228840370131E+01;
1.648000000000000E+07;1.840163272546312E+00;9.095035666084159E+01;
1.650000000000000E+07;1.804613239749915E+00;9.113094091582080E+01;
1.652000000000000E+07;1.828113645794995E+00;9.135063010927313E+01;
1.654000000000000E+07;1.838300872996808E+00;9.152068571752935E+01;
1.656000000000000E+07;1.816607313270066E+00;9.170403065231210E+01;
1.658000000000000E+07;1.807383588940538E+00;9.190432673639339E+01;
1.660000000000000E+07;1.816141257674710E+00;9.208153034027750E+01;
1.662000000000000E+07;1.798186893941829E+00;9.220494510106512E+01;
1.664000000000000E+07;1.778351151165202E+00;9.247012722565972E+01;
1.666000000000000E+07;1.813568134102449E+00;9.262929938573380E+01;
1.668000000000000E+07;1.767009195228028E+00;9.280617864138556E+01;
1.670000000000000E+07;1.789297372912428E+00;9.298538505250370E+01;
1.672000000000000E+07;1.767160474606033E+00;9.320081945933917E+01;
1.674000000000000E+07;1.789292189017593E+00;9.337342057360834E+01;
1.676000000000000E+07;1.780065658210030E+00;9.359358783488410E+01;
1.678000000000000E+07;1.765745366936564E+00;9.374467978327594E+01;
1.680000000000000E+07;1.762623525150696E+00;9.393854169068896E+01;
1.682000000000000E+07;1.738647233358078E+00;9.412784867475055E+01;
1.684000000000000E+07;1.757173002937920E+00;9.430108649684506E+01;
1.686000000000000E+07;1.773386014940161E+00;9.451017064586499E+01;
1.688000000000000E+07;1.761721648371331E+00;9.462927136923264E+01;
1.690000000000000E+07;1.751092710583008E+00;9.488425554667094E+01;
1.692000000000000E+07;1.747691334246290E+00;9.504718243206241E+01;
1.694000000000000E+07;1.700359108434342E+00;9.529820932954821E+01;
1.696000000000000E+07;1.747957902553280E+00;9.542165869600605E+01;
1.698000000000000E+07;1.730662872153531E+00;9.567594733438035E+01;
1.700000000000000E+07;1.730342266633733E+00;9.588491575573391E+01;
1.702000000000000E+07;1.722733584891982E+00;9.603096824452999E+01;
1.704000000000000E+07;1.715580902755028E+00;9.625298370182708E+01;
1.706000000000000E+07;1.707901176164328E+00;9.643129152810354E+01;
1.708000000000000E+07;1.703244288197058E+00;9.661379392033277E+01;
1.710000000000000E+07;1.709564182922012E+00;9.684231753773567E+01;
1.712000000000000E+07;1.703080156361675E+00;9.701727495806742E+01;
1.714000000000000E+07;1.751842612980090E+00;9.722128133605543E+01;
1.716000000000000E+07;1.707090668237095E+00;9.740668849450309E+01;
1.718000000000000E+07;1.707089757596541E+00;9.757939708880792E+01;
1.720000000000000E+07;1.687115848153557E+00;9.785180760589415E+01;
1.722000000000000E+07;1.671260388486203E+00;9.798398490355740E+01;
1.724000000000000E+07;1.700111441804609E+00;9.822564018551969E+01;
1.726000000000000E+07;1.679134912537361E+00;9.838055362361125E+01;
1.728000000000000E+07;1.678263167301895E+00;9.859055094441329E+01;
1.730000000000000E+07;1.676794515200348E+00;9.877630238142535E+01;
1.732000000000000E+07;1.660271546341798E+00;9.894604253882156E+01;
1.734000000000000E+07;1.674001956033823E+00;9.916866957080538E+01;
1.736000000000000E+07;1.691527002934336E+00;9.940198720733369E+01;
1.738000000000000E+07;1.650112205078591E+00;9.960243982314340E+01;
1.740000000000000E+07;1.631877895917980E+00;9.973539203077846E+01;
1.742000000000000E+07;1.662287449256108E+00;1.000246210263230E+02;
1.744000000000000E+07;1.642510800359625E+00;1.002007415031663E+02;
1.746000000000000E+07;1.669960913843028E+00;1.004365562186125E+02;
1.748000000000000E+07;1.668354328084126E+00;1.006255119480298E+02;
1.750000000000000E+07;1.662636235429824E+00;1.008434445583918E+02;
1.752000000000000E+07;1.662308501202026E+00;1.010156171789765E+02;
1.754000000000000E+07;1.674335951303948E+00;1.012829984424573E+02;
1.756000000000000E+07;1.661018796622441E+00;1.014277654656488E+02;
1.758000000000000E+07;1.702765610715603E+00;1.016559828302534E+02;
1.760000000000000E+07;1.676233698065508E+00;1.018739707852535E+02;
1.762000000000000E+07;1.692439774630289E+00;1.020423194778153E+02;
1.764000000000000E+07;1.657594731944076E+00;1.022886191684787E+02;
1.766000000000000E+07;1.686105075114282E+00;1.024517361217492E+02;
1.768000000000000E+07;1.658566584861352E+00;1.026927204507459E+02;
1.770000000000000E+07;1.686429566848338E+00;1.029309775921129E+02;
1.772000000000000E+07;1.701386650551705E+00;1.031133464212929E+02;
1.774000000000000E+07;1.643207618960460E+00;1.033145304154972E+02;
1.776000000000000E+07;1.670991277327646E+00;1.035266895482830E+02;
1.778000000000000E+07;1.646898206924168E+00;1.037376998725163E+02;
1.780000000000000E+07;1.671540312280801E+00;1.039904962647410E+02;
1.782000000000000E+07;1.663951572083789E+00;1.042223303047278E+02;
1.784000000000000E+07;1.651057181148029E+00;1.043819235940324E+02;
1.786000000000000E+07;1.654610028683628E+00;1.045895825991124E+02;
1.788000000000000E+07;1.689102949772608E+00;1.047824399778300E+02;
1.790000000000000E+07;1.673855573277706E+00;1.050081944532090E+02;
1.792000000000000E+07;1.663392474579364E+00;1.052449096780424E+02;
1.794000000000000E+07;1.674883501601490E+00;1.054358372104040E+02;
1.796000000000000E+07;1.683651020881856E+00;1.056861859749611E+02;
1.798000000000000E+07;1.669667462860445E+00;1.058634394267245E+02;
1.800000000000000E+07;1.698749503542038E+00;1.060333093544760E+02;
1.802000000000000E+07;1.676262201184439E+00;1.063230326497131E+02;
1.804000000000000E+07;1.697725762049632E+00;1.065055900479598E+02;
1.806000000000000E+07;1.696953577484394E+00;1.067356307209207E+02;
1.808000000000000E+07;1.688669395209350E+00;1.069469205797488E+02;
1.810000000000000E+07;1.689322076159137E+00;1.071578341926813E+02;
1.812000000000000E+07;1.691554018702337E+00;1.074224711352769E+02;
1.814000000000000E+07;1.697009377454779E+00;1.076444829263365E+02;
1.816000000000000E+07;1.678287243103205E+00;1.078617115170233E+02;
1.818000000000000E+07;1.672368555112032E+00;1.081091416436238E+02;
1.820000000000000E+07;1.706684508484798E+00;1.082981376972402E+02;
1.822000000000000E+07;1.685581531984156E+00;1.085441737499714E+02;
1.824000000000000E+07;1.678309713244125E+00;1.087414750436891E+02;
1.826000000000000E+07;1.716624468159559E+00;1.089762155692546E+02;
1.828000000000000E+07;1.739661767946184E+00;1.091934401710931E+02;
1.830000000000000E+07;1.705615510158165E+00;1.094100669663458E+02;
1.832000000000000E+07;1.682499087773219E+00;1.096039231964291E+02;
1.834000000000000E+07;1.718579557490774E+00;1.098936737875630E+02;
1.836000000000000E+07;1.657746264953618E+00;1.100687935249489E+02;
1.838000000000000E+07;1.735574268821900E+00;1.102868505323623E+02;
1.840000000000000E+07;1.727998361494882E+00;1.105260898585831E+02;
1.842000000000000E+07;1.667186402353771E+00;1.108378552946185E+02;
1.844000000000000E+07;1.665770151025889E+00;1.110488992254163E+02;
1.846000000000000E+07;1.659205913803328E+00;1.112770811269435E+02;
1.848000000000000E+07;1.660752875142855E+00;1.114930144492594E+02;
1.850000000000000E+07;1.631585550164026E+00;1.117350032565588E+02;
1.852000000000000E+07;1.670333142148401E+00;1.119835741511462E+02;
1.854000000000000E+07;1.654522619865885E+00;1.121821043473039E+02;
1.856000000000000E+07;1.661297292111288E+00;1.124059415758298E+02;
1.858000000000000E+07;1.669278409294069E+00;1.126761315880687E+02;
1.860000000000000E+07;1.637953858042474E+00;1.128659355125056E+02;
1.862000000000000E+07;1.703842822306318E+00;1.131002756695767E+02;
1.864000000000000E+07;1.678391454125400E+00;1.133684797674250E+02;
1.866000000000000E+07;1.702155375885090E+00;1.135893634043446E+02;
1.868000000000000E+07;1.684421302183112E+00;1.138322419673590E+02;
1.870000000000000E+07;1.693453839842777E+00;1.140538488293675E+02;
1.872000000000000E+07;1.687491843664425E+00;1.142698469559704E+02;
1.874000000000000E+07;1.690183769145726E+00;1.145242902581316E+02;
1.876000000000000E+07;1.693609253457524E+00;1.147353005093953E+02;
1.878000000000000E+07;1.732309232927787E+00;1.149977342441840E+02;
1.880000000000000E+07;1.737959482411525E+00;1.152381236251500E+02;
1.882000000000000E+07;1.760280132910378E+00;1.154938326249973E+02;
1.884000000000000E+07;1.793250258683242E+00;1.157384001346378E+02;
1.886000000000000E+07;1.776839718261954E+00;1.159912589596783E+02;
1.888000000000000E+07;1.728816807750471E+00;1.162327758478898E+02;
1.890000000000000E+07;1.737784638607081E+00;1.165240671002130E+02;
1.892000000000000E+07;1.721404384887126E+00;1.167611124787581E+02;
1.894000000000000E+07;1.755868053005841E+00;1.169546533816813E+02;
1.896000000000000E+07;1.740365794092087E+00;1.171361575027598E+02;
1.898000000000000E+07;1.738280834306672E+00;1.174316750866571E+02;
1.900000000000000E+07;1.802237243598720E+00;1.176736668299104E+02;
1.902000000000000E+07;1.782107753541049E+00;1.179682852251929E+02;
1.904000000000000E+07;1.825221343836940E+00;1.182389042081324E+02;
1.906000000000000E+07;1.783833406200218E+00;1.184514500105756E+02;
1.908000000000000E+07;1.770916161189356E+00;1.186995048962701E+02;
1.910000000000000E+07;1.784642382072768E+00;1.189311719053808E+02;
1.912000000000000E+07;1.773079332197273E+00;1.192027340752716E+02;
1.914000000000000E+07;1.802860638669999E+00;1.194742377797029E+02;
1.916000000000000E+07;1.792115872108299E+00;1.197002070386332E+02;
1.918000000000000E+07;1.783623958500461E+00;1.199542935081260E+02;
1.920000000000000E+07;1.805215779392166E+00;1.202515967785208E+02;
1.922000000000000E+07;1.794647749731318E+00;1.204974243745460E+02;
1.924000000000000E+07;1.844290962277424E+00;1.207830033350955E+02;
1.926000000000000E+07;1.830137856627932E+00;1.210634916265867E+02;
1.928000000000000E+07;1.802967544704063E+00;1.212978155890294E+02;
1.930000000000000E+07;1.850953032875298E+00;1.215690533442085E+02;
1.932000000000000E+07;1.854500718580076E+00;1.217943502715382E+02;
1.934000000000000E+07;1.826338469728929E+00;1.220927351538741E+02;
1.936000000000000E+07;1.825852551750268E+00;1.223567968984942E+02;
1.938000000000000E+07;1.853506538600373E+00;1.226076144324502E+02;
1.940000000000000E+07;1.844613510277499E+00;1.228993503330685E+02;
1.942000000000000E+07;1.896440377612683E+00;1.231351949810744E+02;
1.944000000000000E+07;1.860479798853200E+00;1.234041836289777E+02;
1.946000000000000E+07;1.904261499297213E+00;1.236516729696489E+02;
1.948000000000000E+07;1.903709152326058E+00;1.239026708948085E+02;
1.950000000000000E+07;1.913197413243676E+00;1.241501043849184E+02;
1.952000000000000E+07;1.918051106798129E+00;1.244737019437462E+02;
1.954000000000000E+07;1.905499881573149E+00;1.247430095786450E+02;
1.956000000000000E+07;1.882674340904108E+00;1.249713904959243E+02;
1.958000000000000E+07;1.908634501562961E+00;1.252658197550892E+02;
1.960000000000000E+07;1.897376249940128E+00;1.255005710469318E+02;
1.962000000000000E+07;1.923367332790025E+00;1.257561118668952E+02;
1.964000000000000E+07;1.888157789681266E+00;1.260581537756252E+02;
1.966000000000000E+07;1.922505953382255E+00;1.263475482430880E+02;
1.968000000000000E+07;1.910604343627496E+00;1.266312736250187E+02;
1.970000000000000E+07;1.904729031089234E+00;1.268975158729813E+02;
1.972000000000000E+07;1.945334193335768E+00;1.271021918018436E+02;
1.974000000000000E+07;1.961657616029939E+00;1.274156355425894E+02;
1.976000000000000E+07;1.966664184073161E+00;1.276908853535335E+02;
1.978000000000000E+07;1.960781740238527E+00;1.279481901833662E+02;
1.980000000000000E+07;1.999092331582700E+00;1.282049625597735E+02;
1.982000000000000E+07;1.876892722482949E+00;1.284247377564559E+02;
1.984000000000000E+07;1.851978264673383E+00;1.287046647495090E+02;
1.986000000000000E+07;1.859485958177680E+00;1.289943667606186E+02;
1.988000000000000E+07;1.901433571762656E+00;1.292993793823976E+02;
1.990000000000000E+07;1.892159157054524E+00;1.295834983017776E+02;
1.992000000000000E+07;1.923694168116891E+00;1.297944843505277E+02;
1.994000000000000E+07;1.926396412561831E+00;1.301266200291391E+02;
1.996000000000000E+07;1.956454661699726E+00;1.304109295995399E+02;
1.998000000000000E+07;1.948798987800400E+00;1.306263379135427E+02;
2.000000000000000E+07;1.977486605629003E+00;1.309509801153869E+02;
2.002000000000000E+07;1.975531370563340E+00;1.312350659775581E+02;
2.004000000000000E+07;1.934769280147280E+00;1.314856713876027E+02;
2.006000000000000E+07;1.918664223669471E+00;1.318461079919574E+02;
2.008000000000000E+07;1.985869988519936E+00;1.320950842319276E+02;
2.010000000000000E+07;1.971306967500550E+00;1.323575062460024E+02;
2.012000000000000E+07;1.982430136246695E+00;1.326823157560434E+02;
2.014000000000000E+07;2.005453523401786E+00;1.330134263668140E+02;
2.016000000000000E+07;1.950569048819335E+00;1.332870622938919E+02;
2.018000000000000E+07;2.028553799591299E+00;1.335717315298810E+02;
2.020000000000000E+07;2.036552380985307E+00;1.337908970594935E+02;
2.022000000000000E+07;2.033779288796832E+00;1.341166176654446E+02;
2.024000000000000E+07;1.987830344316573E+00;1.343610474412136E+02;
2.026000000000000E+07;2.036530029868654E+00;1.347591491299696E+02;
2.028000000000000E+07;2.015489911198920E+00;1.349816819970045E+02;
2.030000000000000E+07;2.150930182514853E+00;1.353990973515226E+02;
2.032000000000000E+07;2.145291514786958E+00;1.356185494935087E+02;
2.034000000000000E+07;2.123739675201627E+00;1.358697740163339E+02;
2.036000000000000E+07;2.117593436293375E+00;1.362023703291754E+02;
2.038000000000000E+07;2.150187530916713E+00;1.364715728080066E+02;
2.040000000000000E+07;2.177120620058403E+00;1.367919192963756E+02;
2.042000000000000E+07;2.227884585869379E+00;1.371482510177750E+02;
2.044000000000000E+07;2.231915117763631E+00;1.374195292456988E+02;
2.046000000000000E+07;2.226299919950060E+00;1.377593429451659E+02;
2.048000000000000E+07;2.267049797563688E+00;1.380661544879764E+02;
2.050000000000000E+07;2.255908631686289E+00;1.384055377872349E+02;
2.052000000000000E+07;2.267652390074443E+00;1.386554479360417E+02;
2.054000000000000E+07;2.236892685859704E+00;1.389768267719596E+02;
2.056000000000000E+07;2.300139088710952E+00;1.393166640973043E+02;
2.058000000000000E+07;2.292785854751660E+00;1.395352811036529E+02;
2.060000000000000E+07;2.321231532108904E+00;1.398947203750567E+02;
2.062000000000000E+07;2.351653319077808E+00;1.402086581973225E+02;
2.064000000000000E+07;2.305589878343380E+00;1.405805017081139E+02;
2.066000000000000E+07;2.402669780974816E+00;1.408805747207462E+02;
2.068000000000000E+07;2.361093781823094E+00;1.411336144847728E+02;
2.070000000000000E+07;2.342568008735182E+00;1.414499398968821E+02;
2.072000000000000E+07;2.379780145458104E+00;1.418250150387468E+02;
2.074000000000000E+07;2.339547102876764E+00;1.420906455531126E+02;
2.076000000000000E+07;2.427524498251429E+00;1.424166767102087E+02;
2.078000000000000E+07;2.407180503079097E+00;1.427775046580473E+02;
2.080000000000000E+07;2.456518362148076E+00;1.431013926164702E+02;
2.082000000000000E+07;2.448401071069605E+00;1.434390237215008E+02;
2.084000000000000E+07;2.425780795504111E+00;1.436945866989916E+02;
2.086000000000000E+07;2.418626957737915E+00;1.440402998884156E+02;
2.088000000000000E+07;2.481293686878614E+00;1.443848675067458E+02;
2.090000000000000E+07;2.448514471932279E+00;1.447547738834683E+02;
2.092000000000000E+07;2.498146978995085E+00;1.450251519259998E+02;
2.094000000000000E+07;2.466495924728523E+00;1.453592682477439E+02;
2.096000000000000E+07;2.500684173309717E+00;1.457409774036730E+02;
2.098000000000000E+07;2.451336452713555E+00;1.460721018374970E+02;
2.100000000000000E+07;2.488551998012489E+00;1.464221128983978E+02;
2.102000000000000E+07;2.544842229813678E+00;1.467118092878063E+02;
2.104000000000000E+07;2.601146862303782E+00;1.469288456980639E+02;
2.106000000000000E+07;2.623653264314302E+00;1.472589894893728E+02;
2.108000000000000E+07;2.667654761853317E+00;1.475930756335966E+02;
2.110000000000000E+07;2.669539316788819E+00;1.479631052870666E+02;
2.112000000000000E+07;2.696605645344912E+00;1.483124843278007E+02;
2.114000000000000E+07;2.776070300904279E+00;1.486829638698173E+02;
2.116000000000000E+07;2.748907441258119E+00;1.490048706620558E+02;
2.118000000000000E+07;2.762013926764657E+00;1.493427828883122E+02;
2.120000000000000E+07;2.754166472608098E+00;1.497058762854880E+02;
2.122000000000000E+07;2.709326720672202E+00;1.500863667455408E+02;
2.124000000000000E+07;2.659407072710867E+00;1.505084892227264E+02;
2.126000000000000E+07;2.625899582035508E+00;1.509182087298665E+02;
2.128000000000000E+07;2.725977219607572E+00;1.512264830684036E+02;
2.130000000000000E+07;2.717536537721331E+00;1.515450021167376E+02;
2.132000000000000E+07;2.673215156566750E+00;1.518167248158121E+02;
2.134000000000000E+07;2.714004945866798E+00;1.522286969373707E+02;
2.136000000000000E+07;2.750942383195290E+00;1.525963576470435E+02;
2.138000000000000E+07;2.722025349979349E+00;1.528876449110089E+02;
2.140000000000000E+07;2.762612457496835E+00;1.532593024175254E+02;
2.142000000000000E+07;2.729941761422728E+00;1.536837780065919E+02;
2.144000000000000E+07;2.757281068295599E+00;1.539747461601147E+02;
2.146000000000000E+07;2.812499246288620E+00;1.543014808048727E+02;
2.148000000000000E+07;2.829289159981058E+00;1.547983926302127E+02;
2.150000000000000E+07;2.814855853865651E+00;1.550916416662376E+02;
2.152000000000000E+07;2.822436216478487E+00;1.554354053712680E+02;
2.154000000000000E+07;2.818437348298902E+00;1.557792195825242E+02;
2.156000000000000E+07;2.815429000827951E+00;1.561114729216794E+02;
2.158000000000000E+07;2.844792941674907E+00;1.565281943559851E+02;
2.160000000000000E+07;2.942899917363237E+00;1.567914175977585E+02;
2.162000000000000E+07;2.914634910230567E+00;1.572465157942340E+02;
2.164000000000000E+07;2.914877149765277E+00;1.575807724647127E+02;
2.166000000000000E+07;3.024513356525723E+00;1.580119589157475E+02;
2.168000000000000E+07;2.961818912139444E+00;1.583879285911946E+02;
2.170000000000000E+07;2.998739692806210E+00;1.587028392346567E+02;
2.172000000000000E+07;3.063362735108138E+00;1.590874518679941E+02;
2.174000000000000E+07;3.050513341746984E+00;1.594056071335299E+02;
2.176000000000000E+07;3.032836449243810E+00;1.597996304290929E+02;
2.178000000000000E+07;3.139191746922436E+00;1.602920770962162E+02;
2.180000000000000E+07;3.025322571792210E+00;1.606010247815429E+02;
2.182000000000000E+07;3.113638190113663E+00;1.610191888582719E+02;
2.184000000000000E+07;3.106427570932362E+00;1.613987946858406E+02;
2.186000000000000E+07;3.131639832925101E+00;1.617538051523612E+02;
2.188000000000000E+07;3.303067587908803E+00;1.620464306818027E+02;
2.190000000000000E+07;3.303557005806528E+00;1.623325609438877E+02;
2.192000000000000E+07;3.315627404798494E+00;1.627240562351061E+02;
2.194000000000000E+07;3.288549964317538E+00;1.631370327619421E+02;
2.196000000000000E+07;3.383899396601374E+00;1.635335257467382E+02;
2.198000000000000E+07;3.401015833205348E+00;1.638826318954270E+02;
2.200000000000000E+07;3.358002278545852E+00;1.642525477677528E+02;
2.202000000000000E+07;3.369231239388149E+00;1.647036670880153E+02;
2.204000000000000E+07;3.503221176067361E+00;1.651041542996440E+02;
2.206000000000000E+07;3.489324185215778E+00;1.654846908303920E+02;
2.208000000000000E+07;3.508153782496166E+00;1.658750184452411E+02;
2.210000000000000E+07;3.508220021353831E+00;1.662141841025971E+02;
2.212000000000000E+07;3.501553640116315E+00;1.667092535029924E+02;
2.214000000000000E+07;3.595602076614411E+00;1.670927199922864E+02;
2.216000000000000E+07;3.601838021624164E+00;1.675041539869564E+02;
2.218000000000000E+07;3.625942819191201E+00;1.679631785779718E+02;
2.220000000000000E+07;3.626223139702018E+00;1.682492049075188E+02;
2.222000000000000E+07;3.596216667312486E+00;1.686151118856178E+02;
2.224000000000000E+07;3.664050502952346E+00;1.690810102567451E+02;
2.226000000000000E+07;3.698788020658379E+00;1.694771097042468E+02;
2.228000000000000E+07;3.714457395652277E+00;1.699510896214528E+02;
2.230000000000000E+07;3.721428428016720E+00;1.703108980348091E+02;
2.232000000000000E+07;3.887649231026330E+00;1.708274137903112E+02;
2.234000000000000E+07;3.909105676604927E+00;1.713165531981076E+02;
2.236000000000000E+07;3.900610620243464E+00;1.717294936567261E+02;
2.238000000000000E+07;3.905627553119325E+00;1.722107244906298E+02;
2.240000000000000E+07;3.877292410432783E+00;1.726825843166562E+02;
2.242000000000000E+07;3.923806569790115E+00;1.730423162236924E+02;
2.244000000000000E+07;3.929607394644047E+00;1.735226813935960E+02;
2.246000000000000E+07;3.985819953571534E+00;1.739483966603198E+02;
2.248000000000000E+07;3.958610411092419E+00;1.743988711360743E+02;
2.250000000000000E+07;4.048639322577523E+00;1.747852122652940E+02;
2.252000000000000E+07;4.058006587926112E+00;1.752609808700447E+02;
2.254000000000000E+07;4.082993865545630E+00;1.757471442627984E+02;
2.256000000000000E+07;4.138548509890418E+00;1.760369073157308E+02;
2.258000000000000E+07;4.095923444632060E+00;1.766120961733684E+02;
2.260000000000000E+07;4.132200134217364E+00;1.770145429473539E+02;
2.262000000000000E+07;4.198408173986508E+00;1.774850079319378E+02;
2.264000000000000E+07;4.231672576588232E+00;1.778477259082487E+02;
2.266000000000000E+07;4.248711089971394E+00;1.782639533283913E+02;
2.268000000000000E+07;4.269562856559731E+00;1.787069300259332E+02;
2.270000000000000E+07;4.286087747588646E+00;1.791510151314893E+02;
2.272000000000000E+07;4.353106252540702E+00;1.796364080411861E+02;
2.274000000000000E+07;4.330110070624150E+00;1.800679534310735E+02;
2.276000000000000E+07;4.389993757893138E+00;1.805435201132360E+02;
2.278000000000000E+07;4.434050303372420E+00;1.809747841465034E+02;
2.280000000000000E+07;4.420478668604807E+00;1.814496937764881E+02;
2.282000000000000E+07;4.513177368985921E+00;1.818408098302299E+02;
2.284000000000000E+07;4.466288372199864E+00;1.823003738560895E+02;
2.286000000000000E+07;4.557983116870435E+00;1.828324974862178E+02;
2.288000000000000E+07;4.588651739774202E+00;1.832424659217697E+02;
2.290000000000000E+07;4.612831431925365E+00;1.836827932204229E+02;
2.292000000000000E+07;4.727107347285147E+00;1.840607242808698E+02;
2.294000000000000E+07;4.739271992255420E+00;1.847070761848263E+02;
2.296000000000000E+07;4.771742065115284E+00;1.851117281665190E+02;
2.298000000000000E+07;4.853195899633808E+00;1.855813944458327E+02;
2.300000000000000E+07;4.640031644791335E+00;1.857248401153338E+02;
2.302000000000000E+07;4.755638937950128E+00;1.863481611725025E+02;
2.304000000000000E+07;4.715715867172286E+00;1.868353568900875E+02;
2.306000000000000E+07;4.797133848311908E+00;1.872059263489045E+02;
2.308000000000000E+07;4.807696973295418E+00;1.877523354545216E+02;
2.310000000000000E+07;4.852440333240386E+00;1.881838673803366E+02;
2.312000000000000E+07;4.821580647241860E+00;1.887514260454858E+02;
2.314000000000000E+07;4.796940437487014E+00;1.891602310654460E+02;
2.316000000000000E+07;4.947976152990402E+00;1.896386280772065E+02;
2.318000000000000E+07;4.934615344893855E+00;1.901537633215909E+02;
2.320000000000000E+07;5.051905513880397E+00;1.906353603079883E+02;
2.322000000000000E+07;4.950704887593727E+00;1.910944399266666E+02;
2.324000000000000E+07;5.078107004094826E+00;1.916630401952004E+02;
2.326000000000000E+07;5.056052453084481E+00;1.921221879504476E+02;
2.328000000000000E+07;5.088786822082190E+00;1.926827101944493E+02;
2.330000000000000E+07;5.106186527311243E+00;1.930790421523509E+02;
2.332000000000000E+07;5.199573670373321E+00;1.937073197639011E+02;
2.334000000000000E+07;5.177176194387201E+00;1.941320951557958E+02;
2.336000000000000E+07;5.322603382408525E+00;1.946414838216726E+02;
2.338000000000000E+07;5.292522745855643E+00;1.951681545511127E+02;
2.340000000000000E+07;5.256155814713914E+00;1.956638474790856E+02;
2.342000000000000E+07;5.337299262222515E+00;1.961285917755562E+02;
2.344000000000000E+07;5.340645036365551E+00;1.967074715000592E+02;
2.346000000000000E+07;5.482428056959242E+00;1.971315665840843E+02;
2.348000000000000E+07;5.540052164630828E+00;1.976916122872090E+02;
2.350000000000000E+07;5.648832547555075E+00;1.981999936797650E+02;
2.352000000000000E+07;5.674968496784673E+00;1.986488720395143E+02;
2.354000000000000E+07;5.700440461502390E+00;1.993363105199586E+02;
2.356000000000000E+07;5.807829408538729E+00;1.999047161420708E+02;
2.358000000000000E+07;5.895951125299974E+00;2.002938091847728E+02;
2.360000000000000E+07;5.832303800106097E+00;2.008723920348145E+02;
2.362000000000000E+07;5.918596922871062E+00;2.014268009652582E+02;
2.364000000000000E+07;6.042541403146434E+00;2.019001922934577E+02;
2.366000000000000E+07;6.003286065118687E+00;2.024558351457853E+02;
2.368000000000000E+07;6.035863686668147E+00;2.028644060074331E+02;
2.370000000000000E+07;5.999663204622189E+00;2.036193463965393E+02;
2.372000000000000E+07;6.098188854445880E+00;2.042585526014036E+02;
2.374000000000000E+07;6.145610930066828E+00;2.047127756032128E+02;
2.376000000000000E+07;6.173950844650108E+00;2.053726608741501E+02;
2.378000000000000E+07;6.150691605542757E+00;2.059504728501897E+02;
2.380000000000000E+07;6.155287583909891E+00;2.063384040937453E+02;
2.382000000000000E+07;6.288569246747481E+00;2.069753340709089E+02;
2.384000000000000E+07;6.271905309596045E+00;2.075356919408209E+02;
2.386000000000000E+07;6.412149525802922E+00;2.080807797105881E+02;
2.388000000000000E+07;6.430726274069510E+00;2.087067788738169E+02;
2.390000000000000E+07;6.415050764041161E+00;2.092613894038251E+02;
2.392000000000000E+07;6.446073756579027E+00;2.097404385154373E+02;
2.394000000000000E+07;6.488304654017154E+00;2.104040994763936E+02;
2.396000000000000E+07;6.531725319951941E+00;2.109409077557908E+02;
2.398000000000000E+07;6.597817391348856E+00;2.115972598298925E+02;
2.400000000000000E+07;6.570637101979361E+00;2.121728123233682E+02;
2.402000000000000E+07;6.617950631713632E+00;2.128224446691864E+02;
2.404000000000000E+07;6.793274724169089E+00;2.133071468929116E+02;
2.406000000000000E+07;6.857001507499434E+00;2.139151984216780E+02;
2.408000000000000E+07;6.864992688997358E+00;2.144068933373628E+02;
2.410000000000000E+07;6.844978310058209E+00;2.150588813743348E+02;
2.412000000000000E+07;6.863871839867454E+00;2.158279018993515E+02;
2.414000000000000E+07;6.889077152553341E+00;2.163945673111499E+02;
2.416000000000000E+07;7.015132320626755E+00;2.170178601719652E+02;
2.418000000000000E+07;6.984914092868376E+00;2.175546922158291E+02;
2.420000000000000E+07;7.049899331032879E+00;2.181763403280209E+02;
2.422000000000000E+07;7.088723290665731E+00;2.188399458772886E+02;
2.424000000000000E+07;7.289920785662270E+00;2.193261658555890E+02;
2.426000000000000E+07;7.328035404363775E+00;2.200823152977578E+02;
2.428000000000000E+07;7.252382487920017E+00;2.207207835207096E+02;
2.430000000000000E+07;7.318451364433813E+00;2.213410847993912E+02;
2.432000000000000E+07;7.556944691298119E+00;2.220254121667878E+02;
2.434000000000000E+07;7.429529213486587E+00;2.225051965375364E+02;
2.436000000000000E+07;7.509518182084527E+00;2.231834201920935E+02;
2.438000000000000E+07;7.526902561517549E+00;2.236738654331941E+02;
2.440000000000000E+07;7.541157198453824E+00;2.245947433180178E+02;
2.442000000000000E+07;7.595744827714999E+00;2.251779066411937E+02;
2.444000000000000E+07;7.755667261875862E+00;2.259093359725461E+02;
2.446000000000000E+07;7.786784968135999E+00;2.264656334864323E+02;
2.448000000000000E+07;7.917073558169664E+00;2.272152142093514E+02;
2.450000000000000E+07;7.882244496823216E+00;2.278011422063584E+02;
2.452000000000000E+07;8.068293210693900E+00;2.285258460023636E+02;
2.454000000000000E+07;8.093244153729291E+00;2.290397436336017E+02;
2.456000000000000E+07;8.155118583932673E+00;2.297648347827606E+02;
2.458000000000000E+07;8.274410537078580E+00;2.304641461085198E+02;
2.460000000000000E+07;8.269641681042147E+00;2.311223338385706E+02;
2.462000000000000E+07;8.376990925833082E+00;2.317224888992223E+02;
2.464000000000000E+07;8.597396566880438E+00;2.325244047734012E+02;
2.466000000000000E+07;8.590424471481988E+00;2.332936139352966E+02;
2.468000000000000E+07;8.524081285082465E+00;2.337836817918304E+02;
2.470000000000000E+07;8.750461754764229E+00;2.345493037800480E+02;
2.472000000000000E+07;8.831590124071274E+00;2.353199555330760E+02;
2.474000000000000E+07;8.874269569890160E+00;2.360131667216534E+02;
2.476000000000000E+07;8.992040745015094E+00;2.366728334477690E+02;
2.478000000000000E+07;8.964831693301280E+00;2.374464645724821E+02;
2.480000000000000E+07;9.206071974801581E+00;2.380833315434587E+02;
2.482000000000000E+07;9.152326535650921E+00;2.387988953662832E+02;
2.484000000000000E+07;9.235540494122306E+00;2.394704842209002E+02;
2.486000000000000E+07;9.388163067875370E+00;2.402823260576463E+02;
2.488000000000000E+07;9.503807644818057E+00;2.409587024126249E+02;
2.490000000000000E+07;9.541847400789630E+00;2.418198262670839E+02;
2.492000000000000E+07;9.585791615009200E+00;2.423848902856788E+02;
2.494000000000000E+07;9.564114694319311E+00;2.431192016611627E+02;
2.496000000000000E+07;9.814512570022295E+00;2.439065867311304E+02;
2.498000000000000E+07;9.769359495960835E+00;2.447499757059294E+02;
2.500000000000000E+07;9.917765936140885E+00;2.453049539964872E+02;
2.502000000000000E+07;9.959033242314343E+00;2.461328308363907E+02;
2.504000000000000E+07;1.014138917191179E+01;2.467620934845307E+02;
2.506000000000000E+07;1.030305136537213E+01;2.478207262827790E+02;
2.508000000000000E+07;1.032663589510284E+01;2.485892152980114E+02;
2.510000000000000E+07;1.046259204810243E+01;2.492158454928795E+02;
2.512000000000000E+07;1.050918964268898E+01;2.499708417263193E+02;
2.514000000000000E+07;1.066549287176268E+01;2.507930854002612E+02;
2.516000000000000E+07;1.080088429890982E+01;2.516102007163417E+02;
2.518000000000000E+07;1.081501489370140E+01;2.523978128459534E+02;
2.520000000000000E+07;1.093264507463415E+01;2.532197756796076E+02;
2.522000000000000E+07;1.102099736761513E+01;2.539151557910362E+02;
2.524000000000000E+07;1.120244566806299E+01;2.547629561768505E+02;
2.526000000000000E+07;1.113973323940940E+01;2.555605892907616E+02;
2.528000000000000E+07;1.135199204132585E+01;2.562941085454176E+02;
2.530000000000000E+07;1.145897103508065E+01;2.572127761807220E+02;
2.532000000000000E+07;1.157177988507985E+01;2.579675420817398E+02;
2.534000000000000E+07;1.167457968143315E+01;2.587549074717594E+02;
2.536000000000000E+07;1.184303859525438E+01;2.596455375436871E+02;
2.538000000000000E+07;1.196997315465335E+01;2.603644633572135E+02;
2.540000000000000E+07;1.197201114790516E+01;2.614146370453528E+02;
2.542000000000000E+07;1.220994306470737E+01;2.622294261671968E+02;
2.544000000000000E+07;1.239713191492281E+01;2.628622816993172E+02;
2.546000000000000E+07;1.237672490054610E+01;2.637552406629290E+02;
2.548000000000000E+07;1.252817541726022E+01;2.644487802714656E+02;
2.550000000000000E+07;1.276640502680901E+01;2.654613644024247E+02;
2.552000000000000E+07;1.279676090239755E+01;2.663715072577575E+02;
2.554000000000000E+07;1.284291044659727E+01;2.672515565830743E+02;
2.556000000000000E+07;1.309811714991368E+01;2.679091613941820E+02;
2.558000000000000E+07;1.305093904345555E+01;2.685742523998554E+02;
2.560000000000000E+07;1.331857004086462E+01;2.698635804602172E+02;
2.562000000000000E+07;1.344440834462189E+01;2.705606173889358E+02;
2.564000000000000E+07;1.355478809476151E+01;2.713879599102701E+02;
2.566000000000000E+07;1.366621173051298E+01;2.723988367327974E+02;
2.568000000000000E+07;1.367293381141313E+01;2.732537259580194E+02;
2.570000000000000E+07;1.386529249372606E+01;2.741604192435731E+02;
2.572000000000000E+07;1.391978518665106E+01;2.747552162770250E+02;
2.574000000000000E+07;1.409350878888079E+01;2.757336412960474E+02;
2.576000000000000E+07;1.433421632717227E+01;2.769672626582034E+02;
2.578000000000000E+07;1.443770340040905E+01;2.777974136027077E+02;
2.580000000000000E+07;1.448210749725518E+01;2.787053596351485E+02;
2.582000000000000E+07;1.473089797604171E+01;2.797456705476619E+02;
2.584000000000000E+07;1.488909447019414E+01;2.803708977020580E+02;
2.586000000000000E+07;1.509124146160907E+01;2.813979389869691E+02;
2.588000000000000E+07;1.515731384832452E+01;2.822399538235861E+02;
2.590000000000000E+07;1.547210728905244E+01;2.834029632563143E+02;
2.592000000000000E+07;1.555176888530842E+01;2.839834073538027E+02;
2.594000000000000E+07;1.572978180850815E+01;2.850828206055974E+02;
2.596000000000000E+07;1.587945857507730E+01;2.860388100685872E+02;
2.598000000000000E+07;1.608308453577549E+01;2.869322318521524E+02;
2.600000000000000E+07;1.621918394875385E+01;2.882979550310346E+02;
2.602000000000000E+07;1.631696325484847E+01;2.891272943364235E+02;
2.604000000000000E+07;1.640607578201478E+01;2.898248993717161E+02;
2.606000000000000E+07;1.659867678795066E+01;2.908065849717671E+02;
2.608000000000000E+07;1.667149749134756E+01;2.919100097972161E+02;
2.610000000000000E+07;1.678194821123254E+01;2.927996904606275E+02;
2.612000000000000E+07;1.719808606226550E+01;2.937261487687729E+02;
2.614000000000000E+07;1.745311977865795E+01;2.948120875060964E+02;
2.616000000000000E+07;1.727209854132218E+01;2.957682644834404E+02;
2.618000000000000E+07;1.760645138974882E+01;2.966775570692876E+02;
2.620000000000000E+07;1.778724103206078E+01;2.978502115892169E+02;
2.622000000000000E+07;1.789449752539998E+01;2.991008649388619E+02;
2.624000000000000E+07;1.791110269404722E+01;2.998188641277920E+02;
2.626000000000000E+07;1.817977609106577E+01;3.009795469416153E+02;
2.628000000000000E+07;1.849981741952242E+01;3.021214051900282E+02;
2.630000000000000E+07;1.868328345430841E+01;3.028022997122983E+02;
2.632000000000000E+07;1.896860571980161E+01;3.042553672673959E+02;
2.634000000000000E+07;1.883487790731664E+01;3.048540532934475E+02;
2.636000000000000E+07;1.924886441369972E+01;3.062263121750964E+02;
2.638000000000000E+07;1.938510742227811E+01;3.073567681259598E+02;
2.640000000000000E+07;1.960289779944302E+01;3.081765409271908E+02;
2.642000000000000E+07;1.966090262759280E+01;3.091634181096264E+02;
2.644000000000000E+07;1.996187145192009E+01;3.103814529420446E+02;
2.646000000000000E+07;2.003377990524409E+01;3.116044290099398E+02;
2.648000000000000E+07;2.003915373685212E+01;3.126901184091886E+02;
2.650000000000000E+07;2.053690385892551E+01;3.138527061872121E+02;
2.652000000000000E+07;2.066953767806163E+01;3.149264086563024E+02;
2.654000000000000E+07;2.068438093712245E+01;3.162464634462416E+02;
2.656000000000000E+07;2.113961059765662E+01;3.170125137509496E+02;
2.658000000000000E+07;2.131680594827758E+01;3.182583298408675E+02;
2.660000000000000E+07;2.156122300177067E+01;3.195496859724508E+02;
2.662000000000000E+07;2.173533625657497E+01;3.204252112006699E+02;
2.664000000000000E+07;2.188002414557630E+01;3.216314763917267E+02;
2.666000000000000E+07;2.215024210204197E+01;3.228294383482292E+02;
2.668000000000000E+07;2.214988832671654E+01;3.239199004918612E+02;
2.670000000000000E+07;2.248443229486785E+01;3.254427517212702E+02;
2.672000000000000E+07;2.281642376652040E+01;3.265365566793315E+02;
2.674000000000000E+07;2.284532024312617E+01;3.277036882167544E+02;
2.676000000000000E+07;2.317510266879291E+01;3.287259988747118E+02;
2.678000000000000E+07;2.329512399854609E+01;3.300126513984625E+02;
2.680000000000000E+07;2.378122761036988E+01;3.311761808959390E+02;
2.682000000000000E+07;2.377465587350619E+01;3.324751072699758E+02;
2.684000000000000E+07;2.405254524595908E+01;3.337216801197408E+02;
2.686000000000000E+07;2.435139844744574E+01;3.350090323558462E+02;
2.688000000000000E+07;2.453161744037440E+01;3.363273693493840E+02;
2.690000000000000E+07;2.463669227129829E+01;3.372811870271717E+02;
2.692000000000000E+07;2.513690001436239E+01;3.386026129693695E+02;
2.694000000000000E+07;2.530364900328673E+01;3.397445855080653E+02;
2.696000000000000E+07;2.551348824350247E+01;3.412841443168426E+02;
2.698000000000000E+07;2.546676537661903E+01;3.424032593466442E+02;
2.700000000000000E+07;2.588753515929345E+01;3.439040352866755E+02;
2.702000000000000E+07;2.641965397750683E+01;3.453016642232240E+02;
2.704000000000000E+07;2.617790160236347E+01;3.461596439584644E+02;
2.706000000000000E+07;2.682960565331243E+01;3.476291972417371E+02;
2.708000000000000E+07;2.691997233196653E+01;3.491941784730427E+02;
2.710000000000000E+07;2.721906993184254E+01;3.502396362107258E+02;
2.712000000000000E+07;2.754022747467452E+01;3.516126495678010E+02;
2.714000000000000E+07;2.764179219941829E+01;3.527987149318956E+02;
2.716000000000000E+07;2.799640132789582E+01;3.544712723709652E+02;
2.718000000000000E+07;2.812727892759075E+01;3.559027552227106E+02;
2.720000000000000E+07;2.840535536101116E+01;3.570508302196344E+02;
2.722000000000000E+07;2.875384836036396E+01;3.582542055517515E+02;
2.724000000000000E+07;2.887816056583347E+01;3.596624524898868E+02;
2.726000000000000E+07;2.947300445994449E+01;3.611738564352530E+02;
2.728000000000000E+07;2.941039275469460E+01;3.628598986178482E+02;
2.730000000000000E+07;2.977671701909820E+01;3.642276088660764E+02;
2.732000000000000E+07;3.008504261133804E+01;3.656664644080771E+02;
2.734000000000000E+07;3.049589282590210E+01;3.672805433014637E+02;
2.736000000000000E+07;3.032582366455159E+01;3.683605237556658E+02;
2.738000000000000E+07;3.123379369996491E+01;3.697541806379851E+02;
2.740000000000000E+07;3.116773509578390E+01;3.716023465031984E+02;
2.742000000000000E+07;3.174838873637629E+01;3.728047158545412E+02;
2.744000000000000E+07;3.171361589287513E+01;3.746608827965273E+02;
2.746000000000000E+07;3.193936245687297E+01;3.761688726036573E+02;
2.748000000000000E+07;3.231963133129236E+01;3.777855969577854E+02;
2.750000000000000E+07;3.264090016804655E+01;3.793152469927454E+02;
2.752000000000000E+07;3.306735326471297E+01;3.803227966960192E+02;
2.754000000000000E+07;3.307882839156289E+01;3.820367572454064E+02;
2.756000000000000E+07;3.341684996186989E+01;3.836242149423606E+02;
2.758000000000000E+07;3.377061693025207E+01;3.851025709154073E+02;
2.760000000000000E+07;3.427766439115796E+01;3.868446935979478E+02;
2.762000000000000E+07;3.449206810073518E+01;3.889366236411328E+02;
2.764000000000000E+07;3.481788191293388E+01;3.902509461957565E+02;
2.766000000000000E+07;3.508089877535134E+01;3.921325060150589E+02;
2.768000000000000E+07;3.496645242100705E+01;3.937640888876486E+02;
2.770000000000000E+07;3.606636319031698E+01;3.955972573643298E+02;
2.772000000000000E+07;3.638828291871610E+01;3.977622599913948E+02;
2.774000000000000E+07;3.706210152144691E+01;3.990359792344014E+02;
2.776000000000000E+07;3.660245872182645E+01;4.005891855226096E+02;
2.778000000000000E+07;3.693246157013754E+01;4.021316059993320E+02;
2.780000000000000E+07;3.707025233208537E+01;4.045306239042941E+02;
2.782000000000000E+07;3.805525244131628E+01;4.060134254310854E+02;
2.784000000000000E+07;3.857653181539825E+01;4.075786617482900E+02;
2.786000000000000E+07;3.888011465937375E+01;4.096241111694889E+02;
2.788000000000000E+07;3.917137079154984E+01;4.107249852648690E+02;
2.790000000000000E+07;3.946197329118219E+01;4.129946520529499E+02;
2.792000000000000E+07;4.007372119228132E+01;4.154090659164179E+02;
2.794000000000000E+07;4.040509030548851E+01;4.168142627136461E+02;
2.796000000000000E+07;4.079996174230358E+01;4.186211693366686E+02;
2.798000000000000E+07;4.138634238676426E+01;4.211556366773233E+02;
2.800000000000000E+07;4.184368655240172E+01;4.226160065033301E+02;
2.802000000000000E+07;4.240521334795267E+01;4.247587112618198E+02;
2.804000000000000E+07;4.281989922346418E+01;4.263715954663715E+02;
2.806000000000000E+07;4.361886436593687E+01;4.276666596013266E+02;
2.808000000000000E+07;4.433569493228742E+01;4.304255834346513E+02;
2.810000000000000E+07;4.505978300890932E+01;4.316817714058953E+02;
2.812000000000000E+07;4.484038519628883E+01;4.338265936673727E+02;
2.814000000000000E+07;4.555556856922617E+01;4.354178224245196E+02;
2.816000000000000E+07;4.582532407565501E+01;4.382276674933279E+02;
2.818000000000000E+07;4.696627410501855E+01;4.396990770482847E+02;
2.820000000000000E+07;4.731655947344742E+01;4.421857971330601E+02;
2.822000000000000E+07;4.787329067940375E+01;4.436678782210029E+02;
2.824000000000000E+07;4.813914690205554E+01;4.457991980437010E+02;
2.826000000000000E+07;4.915508664636383E+01;4.479702082670822E+02;
2.828000000000000E+07;4.941983569200779E+01;4.489555856158863E+02;
2.830000000000000E+07;5.018876681777878E+01;4.516921964945488E+02;
2.832000000000000E+07;5.011015026495021E+01;4.542030792938630E+02;
2.834000000000000E+07;5.076947314520192E+01;4.557550009287115E+02;
2.836000000000000E+07;5.155143113166845E+01;4.580808200260370E+02;
2.838000000000000E+07;5.258291832070243E+01;4.599744893747479E+02;
2.840000000000000E+07;5.262490992358414E+01;4.612494992726322E+02;
2.842000000000000E+07;5.316558768175857E+01;4.633514260361645E+02;
2.844000000000000E+07;5.395352454810106E+01;4.665261465283515E+02;
2.846000000000000E+07;5.443033867550015E+01;4.682146902236218E+02;
2.848000000000000E+07;5.482956359733745E+01;4.707333449091672E+02;
2.850000000000000E+07;5.515226701296981E+01;4.723550831325190E+02;
2.852000000000000E+07;5.569704539691057E+01;4.755996229075461E+02;
2.854000000000000E+07;5.646447052552727E+01;4.777660251056071E+02;
2.856000000000000E+07;5.737643500809883E+01;4.791750937434679E+02;
2.858000000000000E+07;5.743033965981099E+01;4.816871297911247E+02;
2.860000000000000E+07;5.791802334443054E+01;4.836998143780812E+02;
2.862000000000000E+07;5.873723335807609E+01;4.868960766444278E+02;
2.864000000000000E+07;5.894376434854323E+01;4.886241366407326E+02;
2.866000000000000E+07;6.010169064388599E+01;4.909896309967791E+02;
2.868000000000000E+07;6.066323032644448E+01;4.936551413515344E+02;
2.870000000000000E+07;6.065895164177880E+01;4.957689120422800E+02;
2.872000000000000E+07;6.126832026427319E+01;4.985910309317272E+02;
2.874000000000000E+07;6.246631272659446E+01;5.015041676195148E+02;
2.876000000000000E+07;6.263231423598857E+01;5.037913638820322E+02;
2.878000000000000E+07;6.333856360485223E+01;5.064200919933387E+02;
2.880000000000000E+07;6.361285130198755E+01;5.086287543891951E+02;
2.882000000000000E+07;6.515306550577634E+01;5.116103406396014E+02;
2.884000000000000E+07;6.570098904446790E+01;5.138046546383782E+02;
2.886000000000000E+07;6.573201256307226E+01;5.160945804253309E+02;
2.888000000000000E+07;6.567824962705197E+01;5.193252749109398E+02;
2.890000000000000E+07;6.711254487821444E+01;5.224833334742195E+02;
2.892000000000000E+07;6.782636531621975E+01;5.252501492518555E+02;
2.894000000000000E+07;6.885423529388801E+01;5.269959695056473E+02;
2.896000000000000E+07;6.892266162354120E+01;5.307589996063540E+02;
2.898000000000000E+07;7.035835894521428E+01;5.335483077938784E+02;
2.900000000000000E+07;7.032346889236636E+01;5.356242963547139E+02;
2.902000000000000E+07;7.069734479801282E+01;5.392226086795717E+02;
2.904000000000000E+07;7.198724429183098E+01;5.416383395488350E+02;
2.906000000000000E+07;7.211938310710308E+01;5.446221342004478E+02;
2.908000000000000E+07;7.305411390001738E+01;5.474773913082278E+02;
2.910000000000000E+07;7.326160697338031E+01;5.507279406818391E+02;
2.912000000000000E+07;7.424327027957641E+01;5.546048918840891E+02;
2.914000000000000E+07;7.558820940435527E+01;5.579625942714991E+02;
2.916000000000000E+07;7.574161194231024E+01;5.600528890581833E+02;
2.918000000000000E+07;7.609414255312861E+01;5.630335930866848E+02;
2.920000000000000E+07;7.759231920748617E+01;5.673568086934208E+02;
2.922000000000000E+07;7.686856875488694E+01;5.706331031586427E+02;
2.924000000000000E+07;7.898141271167849E+01;5.730211665626805E+02;
2.926000000000000E+07;7.938668055880055E+01;5.766169779274164E+02;
2.928000000000000E+07;8.132441135310550E+01;5.803407879899137E+02;
2.930000000000000E+07;8.213367180818155E+01;5.832941117887040E+02;
2.932000000000000E+07;8.251052092058299E+01;5.858858480538238E+02;
2.934000000000000E+07;8.281073763428689E+01;5.905475664634481E+02;
2.936000000000000E+07;8.403811683412007E+01;5.935618704806153E+02;
2.938000000000000E+07;8.439530420307977E+01;5.978748774761011E+02;
2.940000000000000E+07;8.614173274527927E+01;6.008569791152988E+02;
2.942000000000000E+07;8.713793008775143E+01;6.055025416529390E+02;
2.944000000000000E+07;8.820104357093508E+01;6.092660782739392E+02;
2.946000000000000E+07;8.832566935185017E+01;6.116995988510557E+02;
2.948000000000000E+07;8.993416249695568E+01;6.160620833064149E+02;
2.950000000000000E+07;9.016286290797872E+01;6.208867284477139E+02;
2.952000000000000E+07;9.163497602015400E+01;6.240822568534550E+02;
2.954000000000000E+07;9.223619815626992E+01;6.270182834417888E+02;
2.956000000000000E+07;9.358624226811435E+01;6.316618107509278E+02;
2.958000000000000E+07;9.458902393562391E+01;6.369336456411894E+02;
2.960000000000000E+07;9.555639754961867E+01;6.392121006047677E+02;
2.962000000000000E+07;9.654634563609447E+01;6.448647527246110E+02;
2.964000000000000E+07;9.688438804057907E+01;6.486748815141572E+02;
2.966000000000000E+07;9.850224278977139E+01;6.540648338876936E+02;
2.968000000000000E+07;1.007183066757731E+02;6.587172052518489E+02;
2.970000000000000E+07;1.008953780987667E+02;6.612910752538701E+02;
2.972000000000000E+07;1.027384066899611E+02;6.672880619914880E+02;
2.974000000000000E+07;1.044210927273422E+02;6.698170561804751E+02;
2.976000000000000E+07;1.065255443104970E+02;6.763496442449530E+02;
2.978000000000000E+07;1.070431567468251E+02;6.809092535518021E+02;
2.980000000000000E+07;1.076788557909985E+02;6.838844868200713E+02;
2.982000000000000E+07;1.096494696841525E+02;6.900990210914175E+02;
2.984000000000000E+07;1.111981235521390E+02;6.934531223869907E+02;
2.986000000000000E+07;1.120831447634123E+02;6.985927505913199E+02;
2.988000000000000E+07;1.144328299325541E+02;7.045578719838487E+02;
2.990000000000000E+07;1.150305435866100E+02;7.093688036132290E+02;
2.992000000000000E+07;1.160145764031270E+02;7.149815882666112E+02;
2.994000000000000E+07;1.179422135426450E+02;7.206284506467661E+02;
2.996000000000000E+07;1.193012706808600E+02;7.267093415741613E+02;
2.998000000000000E+07;1.201510435250865E+02;7.321326161058075E+02;
3.000000000000000E+07;1.215947660974436E+02;7.357623053777462E+02;
3.002000000000000E+07;1.246578204015360E+02;7.415678009438041E+02;
3.004000000000000E+07;1.261470560922164E+02;7.462513356489184E+02;
3.006000000000000E+07;1.273662925955535E+02;7.525693075054139E+02;
3.008000000000000E+07;1.295245922070454E+02;7.594301465421917E+02;
3.010000000000000E+07;1.305221776095027E+02;7.648352398559629E+02;
3.012000000000000E+07;1.318842377210245E+02;7.706054831675496E+02;
3.014000000000000E+07;1.331320552637071E+02;7.767476563538069E+02;
3.016000000000000E+07;1.348750548899881E+02;7.838380290678099E+02;
3.018000000000000E+07;1.352181789154025E+02;7.903670979534958E+02;
3.020000000000000E+07;1.406729269323789E+02;7.955117537701617E+02;
3.022000000000000E+07;1.398781988820802E+02;8.006900752815030E+02;
3.024000000000000E+07;1.419271413633724E+02;8.089911569614799E+02;
3.026000000000000E+07;1.447070196348643E+02;8.169456874885285E+02;
3.028000000000000E+07;1.468583956957173E+02;8.237481055716344E+02;
3.030000000000000E+07;1.492030214768876E+02;8.314090972931261E+02;
3.032000000000000E+07;1.509154356073107E+02;8.385044053443546E+02;
3.034000000000000E+07;1.531228271198375E+02;8.434288835145392E+02;
3.036000000000000E+07;1.560581715977740E+02;8.506533068290140E+02;
3.038000000000000E+07;1.570455431041997E+02;8.581931389327298E+02;
3.040000000000000E+07;1.585739063596195E+02;8.661705415494024E+02;
3.042000000000000E+07;1.620531749664016E+02;8.740574399878933E+02;
3.044000000000000E+07;1.668670626762088E+02;8.804387828221553E+02;
3.046000000000000E+07;1.671028347918490E+02;8.907450569791999E+02;
3.048000000000000E+07;1.725136647001680E+02;8.992174556591391E+02;
3.050000000000000E+07;1.729522256974898E+02;9.066113937723816E+02;
3.052000000000000E+07;1.758580410435981E+02;9.166719140967468E+02;
3.054000000000000E+07;1.752584706652600E+02;9.237404619712404E+02;
3.056000000000000E+07;1.835574137893655E+02;9.330499392532864E+02;
3.058000000000000E+07;1.879697577348823E+02;9.413381014530805E+02;
3.060000000000000E+07;1.871673282014659E+02;9.513827453408289E+02;
3.062000000000000E+07;1.922439485690149E+02;9.613174041246765E+02;
3.064000000000000E+07;1.956108666944140E+02;9.706976943285941E+02;
3.066000000000000E+07;2.005285627548436E+02;9.800780410305167E+02;
3.068000000000000E+07;2.043436243002450E+02;9.912666437195057E+02;
3.070000000000000E+07;2.095725902873656E+02;9.992161454281619E+02;
3.072000000000000E+07;2.118566753984075E+02;1.013032150830926E+03;
3.074000000000000E+07;2.165349835847945E+02;1.023366261624671E+03;
3.076000000000000E+07;2.180702288953918E+02;1.031647540036899E+03;
3.078000000000000E+07;2.248027914680291E+02;1.044244706644802E+03;
3.080000000000000E+07;2.313635807659454E+02;1.053356018598432E+03;
3.082000000000000E+07;2.359083263565883E+02;1.063201688060835E+03;
3.084000000000000E+07;2.394205883093392E+02;1.076125721192321E+03;
3.086000000000000E+07;2.471381294432173E+02;1.083946288401681E+03;
3.088000000000000E+07;2.503237952807842E+02;1.097945411742311E+03;
3.090000000000000E+07;2.555936542893594E+02;1.109830805596604E+03;
3.092000000000000E+07;2.571713007305808E+02;1.123544422902342E+03;
3.094000000000000E+07;2.618921250636941E+02;1.138648437239429E+03;
3.096000000000000E+07;2.660569348696123E+02;1.151428796171364E+03;
3.098000000000000E+07;2.744880284644173E+02;1.161929992843704E+03;
3.100000000000000E+07;2.817112900273758E+02;1.178860842556736E+03;
3.102000000000000E+07;2.900893633870509E+02;1.191309444276883E+03;
3.104000000000000E+07;2.902014685389939E+02;1.210646229880325E+03;
3.106000000000000E+07;2.986942676374520E+02;1.223955045405687E+03;
3.108000000000000E+07;3.076428025967805E+02;1.237528681621739E+03;
3.110000000000000E+07;3.113180770314170E+02;1.254745574521717E+03;
3.112000000000000E+07;3.205055078043676E+02;1.272950317761406E+03;
3.114000000000000E+07;3.273417874607705E+02;1.286596276778505E+03;
3.116000000000000E+07;3.351004405316211E+02;1.305470000241111E+03;
3.118000000000000E+07;3.401021448717352E+02;1.320176650030626E+03;
3.120000000000000E+07;3.565354312020164E+02;1.336764836127269E+03;
3.122000000000000E+07;3.681854446510450E+02;1.355775889927991E+03;
3.124000000000000E+07;3.719212124697429E+02;1.372078297367254E+03;
3.126000000000000E+07;3.816323053674450E+02;1.388738283013313E+03;
3.128000000000000E+07;3.908458296285348E+02;1.411268108357921E+03;
3.130000000000000E+07;4.010818865075076E+02;1.430824247833382E+03;
3.132000000000000E+07;4.128213656779208E+02;1.440636517677925E+03;
3.134000000000000E+07;4.239206423823116E+02;1.459984576907733E+03;
3.136000000000000E+07;4.378347186315964E+02;1.485973110367703E+03;
3.138000000000000E+07;4.519983536319057E+02;1.507592014044097E+03;
3.140000000000000E+07;4.659581782283259E+02;1.532956465613160E+03;
3.142000000000000E+07;4.759504105109324E+02;1.551526288391971E+03;
3.144000000000000E+07;4.910045125456743E+02;1.568440803244411E+03;
3.146000000000000E+07;5.047562477510641E+02;1.595047353213701E+03;
3.148000000000000E+07;5.209258741740545E+02;1.624855736224841E+03;
3.150000000000000E+07;5.343000812513041E+02;1.642761813762346E+03;
3.152000000000000E+07;5.548622739980780E+02;1.672811622102057E+03;
3.154000000000000E+07;5.686052691591798E+02;1.699894009454494E+03;
3.156000000000000E+07;5.952864883519225E+02;1.730889564843592E+03;
3.158000000000000E+07;6.149775679797161E+02;1.761706000692592E+03;
3.160000000000000E+07;6.372936997030861E+02;1.790910746901019E+03;
3.162000000000000E+07;6.469252584432737E+02;1.820392021054429E+03;
3.164000000000000E+07;6.741690953337168E+02;1.841525312373619E+03;
3.166000000000000E+07;6.874168083473669E+02;1.870023471357582E+03;
3.168000000000000E+07;7.265749572534370E+02;1.910131690368239E+03;
3.170000000000000E+07;7.532527240055709E+02;1.951971082272494E+03;
3.172000000000000E+07;7.826813934083361E+02;1.971331522533999E+03;
3.174000000000000E+07;8.228021477575066E+02;2.019151478053769E+03;
3.176000000000000E+07;8.362737891418561E+02;2.052850481370926E+03;
3.178000000000000E+07;8.803542364131288E+02;2.106162736092629E+03;
3.180000000000000E+07;9.205369616080307E+02;2.129057680354816E+03;
3.182000000000000E+07;9.463015153709541E+02;2.160480245564587E+03;
3.184000000000000E+07;9.865136767085847E+02;2.212058797826268E+03;
3.186000000000000E+07;1.039945738761934E+03;2.267873343952607E+03;
3.188000000000000E+07;1.065347935621067E+03;2.310518216387912E+03;
3.190000000000000E+07;1.137217604085105E+03;2.359285202403728E+03;
3.192000000000000E+07;1.186648864406484E+03;2.409003949594236E+03;
3.194000000000000E+07;1.279991090441963E+03;2.466205999160071E+03;
3.196000000000000E+07;1.301187374250449E+03;2.541770441285795E+03;
3.198000000000000E+07;1.394314776425770E+03;2.562260675903503E+03;
3.200000000000000E+07;1.468481348816805E+03;2.628852700209326E+03;
3.202000000000000E+07;1.569694900135835E+03;2.706030852444992E+03;
3.204000000000000E+07;1.623696580255615E+03;2.733949895327312E+03;
3.206000000000000E+07;1.724625493193802E+03;2.810523110691261E+03;
3.208000000000000E+07;1.827230960507276E+03;2.867152230923188E+03;
3.210000000000000E+07;1.931444922178937E+03;2.932806272265695E+03;
3.212000000000000E+07;2.037634735603618E+03;2.968422723971916E+03;
3.214000000000000E+07;2.200873759642355E+03;3.028243532019434E+03;
3.216000000000000E+07;2.313293099196041E+03;3.105000495427172E+03;
3.218000000000000E+07;2.420275161055861E+03;3.148290396991552E+03;
3.220000000000000E+07;2.588903527385902E+03;3.174794319135556E+03;
3.222000000000000E+07;2.783230684489302E+03;3.281595847231108E+03;
3.224000000000000E+07;2.941151014070917E+03;3.254990481426982E+03;
3.226000000000000E+07;3.157496401701632E+03;3.344973371648650E+03;
3.228000000000000E+07;3.371882202521787E+03;3.365552215647057E+03;
3.230000000000000E+07;3.568112559077748E+03;3.346436799012513E+03;
3.232000000000000E+07;4.116500615249691E+03;3.438056668157552E+03;
3.234000000000000E+07;4.283305788691973E+03;3.288118542562846E+03;
3.236000000000000E+07;4.542860848271918E+03;3.294896770763295E+03;
3.238000000000000E+07;4.721570148307940E+03;3.212834204692530E+03;
3.240000000000000E+07;5.044080435594664E+03;3.075421041205131E+03;
3.242000000000000E+07;5.342515819235701E+03;2.984754152327041E+03;
3.244000000000000E+07;5.660476558906986E+03;2.888132404250092E+03;
3.246000000000000E+07;5.955206047061699E+03;2.448232174257401E+03;
3.248000000000000E+07;6.249097664439237E+03;2.295918287172761E+03;
3.250000000000000E+07;6.562669562273569E+03;1.915983233406388E+03;
3.252000000000000E+07;6.859533192555121E+03;1.432910993596408E+03;
3.254000000000000E+07;7.142771605635266E+03;1.023519525193267E+03;
3.256000000000000E+07;7.301986590466882E+03;5.632520418742472E+02;
3.258000000000000E+07;7.432694551381971E+03;-6.645039784910776E+01;
3.260000000000000E+07;7.339858228276861E+03;-5.795647229402263E+02;
3.262000000000000E+07;7.249021500026618E+03;-1.091657342767479E+03;
3.264000000000000E+07;7.188264743722757E+03;-1.809496131639697E+03;
3.266000000000000E+07;6.877327914764160E+03;-2.206291964246755E+03;
3.268000000000000E+07;6.543050966532373E+03;-2.612144195385413E+03;
3.270000000000000E+07;6.287520539566092E+03;-2.992129887810564E+03;
3.272000000000000E+07;5.820664023287712E+03;-3.343597410148547E+03;
3.274000000000000E+07;5.744724295587691E+03;-3.522480082746821E+03;
3.276000000000000E+07;5.764282376234894E+03;-3.586578044382401E+03;
3.278000000000000E+07;4.559409665969656E+03;-3.938736189257779E+03;
3.280000000000000E+07;4.317060028956144E+03;-4.058223789213729E+03;
3.282000000000000E+07;3.966959085139464E+03;-4.013290284816912E+03;
3.284000000000000E+07;3.723128744366858E+03;-4.094722895981927E+03;
3.286000000000000E+07;3.358663978428362E+03;-4.144251307489330E+03;
3.288000000000000E+07;3.079655300910385E+03;-3.996844106395236E+03;
3.290000000000000E+07;2.871275852751858E+03;-3.980296578142178E+03;
3.292000000000000E+07;2.598212480558416E+03;-3.986080189418124E+03;
3.294000000000000E+07;2.318964324952340E+03;-3.815395234295619E+03;
3.296000000000000E+07;2.185823844275131E+03;-3.851229989649174E+03;
3.298000000000000E+07;1.978083405653898E+03;-3.753420109640238E+03;
3.300000000000000E+07;1.829144017508081E+03;-3.621064907647678E+03;
3.302000000000000E+07;1.672572155380410E+03;-3.511284345621184E+03;
3.304000000000000E+07;1.535410474460000E+03;-3.374952009741976E+03;
3.306000000000000E+07;1.427552296863040E+03;-3.229229126160628E+03;
3.308000000000000E+07;1.347262762787636E+03;-3.157837089474396E+03;
3.310000000000000E+07;1.224049930029548E+03;-3.094332604520959E+03;
3.312000000000000E+07;1.144807283932987E+03;-3.026772238134848E+03;
3.314000000000000E+07;1.085014644067461E+03;-2.943165115824724E+03;
3.316000000000000E+07;9.990009287627053E+02;-2.856882393768539E+03;
3.318000000000000E+07;9.294478894732688E+02;-2.795388240581939E+03;
3.320000000000000E+07;8.789378261706893E+02;-2.716236765669254E+03;
3.322000000000000E+07;7.997508955611552E+02;-2.657374935208400E+03;
3.324000000000000E+07;7.689156848521437E+02;-2.587358105138379E+03;
3.326000000000000E+07;7.107813043734474E+02;-2.547980386277079E+03;
3.328000000000000E+07;6.583663976033453E+02;-2.491950124672072E+03;
3.330000000000000E+07;6.348849211523222E+02;-2.425080687077503E+03;
3.332000000000000E+07;5.911402769265879E+02;-2.367784660855260E+03;
3.334000000000000E+07;5.468757428430785E+02;-2.302258753022435E+03;
3.336000000000000E+07;5.174070727940112E+02;-2.270702707056259E+03;
3.338000000000000E+07;4.956271255552775E+02;-2.222942046873060E+03;
3.340000000000000E+07;4.609689098049885E+02;-2.178972229296555E+03;
3.342000000000000E+07;4.348021879816309E+02;-2.129385770686756E+03;
3.344000000000000E+07;4.098155178171193E+02;-2.082636358342895E+03;
3.346000000000000E+07;3.874259082191231E+02;-2.036750801224057E+03;
3.348000000000000E+07;3.617127500115258E+02;-1.995630060606855E+03;
3.350000000000000E+07;3.429912984355445E+02;-1.965785668993969E+03;
3.352000000000000E+07;3.211727285800399E+02;-1.928301822637096E+03;
3.354000000000000E+07;3.010373627050884E+02;-1.885276881530947E+03;
3.356000000000000E+07;2.904099861129099E+02;-1.845247808242611E+03;
3.358000000000000E+07;2.852732161156223E+02;-1.816389759526212E+03;
3.360000000000000E+07;2.756730617169209E+02;-1.780005803793920E+03;
3.362000000000000E+07;2.398313338506348E+02;-1.758565178150092E+03;
3.364000000000000E+07;2.335217018540108E+02;-1.714595475296718E+03;
3.366000000000000E+07;2.206884515856455E+02;-1.687598874905618E+03;
3.368000000000000E+07;2.020835253563518E+02;-1.659581515548208E+03;
3.370000000000000E+07;1.715392724230886E+02;-1.622018072819916E+03;
3.372000000000000E+07;1.840475269340142E+02;-1.589854150564811E+03;
3.374000000000000E+07;1.788470125664758E+02;-1.565553699257102E+03;
3.376000000000000E+07;1.764780265446331E+02;-1.537970926305851E+03;
3.378000000000000E+07;1.828700523632116E+02;-1.516047387258981E+03;
3.380000000000000E+07;1.686758296997668E+02;-1.489746206816468E+03;
3.382000000000000E+07;1.714100120452619E+02;-1.473476407256422E+03;
3.384000000000000E+07;1.605918561543583E+02;-1.442333730544231E+03;
3.386000000000000E+07;1.615028803137863E+02;-1.419196735738372E+03;
3.388000000000000E+07;1.485801207822633E+02;-1.399560132728839E+03;
3.390000000000000E+07;1.482624058355928E+02;-1.377320204665355E+03;
3.392000000000000E+07;1.325816643713166E+02;-1.361274966430748E+03;
3.394000000000000E+07;1.196293860427184E+02;-1.340260950641743E+03;
3.396000000000000E+07;1.032295274715985E+02;-1.309998706420343E+03;
3.398000000000000E+07;9.072902024061082E+01;-1.288046643774803E+03;
3.400000000000000E+07;8.943010329106806E+01;-1.269222650004067E+03;
3.402000000000000E+07;7.808617013486065E+01;-1.249050387405881E+03;
3.404000000000000E+07;7.461165137933226E+01;-1.235868262634918E+03;
3.406000000000000E+07;7.035364069087579E+01;-1.216048874643837E+03;
3.408000000000000E+07;6.393744361044855E+01;-1.200141206703605E+03;
3.410000000000000E+07;6.210111027814452E+01;-1.184551108053470E+03;
3.412000000000000E+07;6.036394375131685E+01;-1.167011941616235E+03;
3.414000000000000E+07;5.477089278737789E+01;-1.151023473939899E+03;
3.416000000000000E+07;5.380965180534837E+01;-1.133082623813918E+03;
3.418000000000000E+07;5.287009676073006E+01;-1.119223976601126E+03;
3.420000000000000E+07;5.299438272666976E+01;-1.104875605321128E+03;
3.422000000000000E+07;5.021110647712179E+01;-1.090320878215157E+03;
3.424000000000000E+07;4.694432499657396E+01;-1.075333010290972E+03;
3.426000000000000E+07;4.433364831506945E+01;-1.060765833795430E+03;
3.428000000000000E+07;4.343814915469156E+01;-1.050239064353465E+03;
3.430000000000000E+07;4.145330390654615E+01;-1.034770550485657E+03;
3.432000000000000E+07;3.940599504925310E+01;-1.026036206295451E+03;
3.434000000000000E+07;3.981854069886596E+01;-1.008461877078834E+03;
3.436000000000000E+07;3.901867540297351E+01;-1.000089831731921E+03;
3.438000000000000E+07;3.905832763767309E+01;-9.896446791965849E+02;
3.440000000000000E+07;3.487951254545928E+01;-9.720897058677709E+02;
3.442000000000000E+07;3.686249547794603E+01;-9.633618551433933E+02;
3.444000000000000E+07;3.400009988159866E+01;-9.515505443619842E+02;
3.446000000000000E+07;3.708966734661708E+01;-9.442114764773266E+02;
3.448000000000000E+07;3.474085199196127E+01;-9.312673927644711E+02;
3.450000000000000E+07;3.407544457553392E+01;-9.210650789499568E+02;
3.452000000000000E+07;3.384138183982763E+01;-9.120699005867606E+02;
3.454000000000000E+07;3.323154165118694E+01;-9.001032088458936E+02;
3.456000000000000E+07;3.438868899071219E+01;-8.907548109845083E+02;
3.458000000000000E+07;3.567653941896940E+01;-8.830784871568218E+02;
3.460000000000000E+07;3.901077838083152E+01;-8.750919908368869E+02;
3.462000000000000E+07;3.430282556340570E+01;-8.783414262408113E+02;
3.464000000000000E+07;3.406080209026209E+01;-8.730462693866671E+02;
3.466000000000000E+07;3.437218081964373E+01;-8.609305328111475E+02;
3.468000000000000E+07;3.305924818906579E+01;-8.542493240599480E+02;
3.470000000000000E+07;3.175210774423822E+01;-8.436326476935775E+02;
3.472000000000000E+07;3.183332678307543E+01;-8.348452594010603E+02;
3.474000000000000E+07;2.955692273183137E+01;-8.274876783012287E+02;
3.476000000000000E+07;3.291551011598693E+01;-8.184057468316009E+02;
3.478000000000000E+07;3.372656678377768E+01;-8.084786748658825E+02;
3.480000000000000E+07;3.314373348295505E+01;-8.019303916470568E+02;
3.482000000000000E+07;3.304217312813213E+01;-7.930909319918215E+02;
3.484000000000000E+07;3.304118223101004E+01;-7.884615952820045E+02;
3.486000000000000E+07;3.113522758425051E+01;-7.830824139817601E+02;
3.488000000000000E+07;3.194297604037607E+01;-7.727730684590051E+02;
3.490000000000000E+07;2.993053258497118E+01;-7.692793731195793E+02;
3.492000000000000E+07;2.987516719522964E+01;-7.644022612179260E+02;
3.494000000000000E+07;2.636982383072957E+01;-7.586476100089586E+02;
3.496000000000000E+07;2.638405037736126E+01;-7.514105352530574E+02;
3.498000000000000E+07;2.727658496241673E+01;-7.447747479203814E+02;
3.500000000000000E+07;2.709838397621093E+01;-7.395823302627273E+02;
